assists,bonus,bps,clean_sheets,creativity,ea_index,element_code,end_cost,goals_conceded,goals_scored,ict_index,id,influence,minutes,own_goals,penalties_missed,penalties_saved,red_cards,saves,season,season_name,start_cost,threat,total_points,yellow_cards
1,0,12,0,0.0,55,62974,73,12,0,0.0,5203,0.0,331,0,0,0,0,0,8,2013/14,90,0.0,14,1
7,6,407,6,0.0,427,62974,74,30,2,0.0,5847,0.0,2300,0,0,0,0,0,9,2014/15,80,0.0,93,6
9,8,453,11,0.0,519,62974,68,26,5,0.0,6535,0.0,2371,0,0,0,0,0,10,2015/16,70,0.0,123,9
1,4,93,4,275.2,0,62974,66,2,1,62.2,7274,121.8,595,0,1,0,0,0,11,2016/17,70,225.0,28,1
4,1,186,4,283.1,0,62974,63,12,2,84.7,7944,204.8,826,0,0,0,0,0,12,2017/18,65,364.0,55,4
