assists,bonus,bps,clean_sheets,creativity,element,fixture,goals_conceded,goals_scored,ict_index,influence,kickoff_time,minutes,opponent_team,own_goals,penalties_missed,penalties_saved,red_cards,round,saves,selected,team_a_score,team_h_score,threat,total_points,transfers_balance,transfers_in,transfers_out,value,was_home,yellow_cards
0,0,0,0,0.0,609,228,0,0,0.0,0.0,2020-01-18T15:00:00Z,0,16,0,0,0,0,23,0,0,3,2,0.0,0,0,0,0,45,False,0
0,0,0,0,0.0,609,237,0,0,0.0,0.0,2020-01-23T20:00:00Z,0,10,0,0,0,0,24,0,181,2,1,0.0,0,86,112,26,45,True,0
0,0,0,0,0.0,609,246,0,0,0.0,0.0,2020-02-01T17:30:00Z,0,12,0,0,0,0,25,0,285,0,0,0.0,0,68,132,64,45,False,0
0,0,0,0,0.0,609,260,0,0,0.0,0.0,2020-02-14T20:00:00Z,0,9,0,0,0,0,26,0,398,0,0,0.0,0,58,104,46,45,True,0
0,0,0,0,0.0,609,270,0,0,0.0,0.0,2020-02-23T14:00:00Z,0,14,0,0,0,0,27,0,477,0,3,0.0,0,25,81,56,45,True,0
0,0,0,0,0.0,609,278,0,0,0.0,0.0,2020-03-01T14:00:00Z,0,17,0,0,0,0,28,0,627,3,2,0.0,0,52,100,48,45,False,0
0,0,0,0,0.0,609,290,0,0,0.0,0.0,2020-03-07T15:00:00Z,0,4,0,0,0,0,29,0,711,0,0,0.0,0,45,98,53,45,True,0
