assists,bonus,bps,clean_sheets,creativity,element_code,end_cost,goals_conceded,goals_scored,ict_index,influence,minutes,own_goals,penalties_missed,penalties_saved,red_cards,saves,season_name,start_cost,threat,total_points,yellow_cards
0,0,3,0,0.0,154043,44,0,0,0.0,0.0,1,0,0,0,0,0,2014/15,45,0.0,1,0
0,0,5,0,0.0,154043,45,0,0,0.2,2.2,2,0,0,0,0,0,2016/17,45,0.0,1,0
0,0,160,3,141.3,154043,45,16,0,37.8,168.4,908,0,0,0,0,0,2017/18,45,67.0,25,1
1,3,152,2,98.9,154043,44,20,1,44.8,224.2,983,0,0,0,1,0,2018/19,45,126.0,34,1
