assists,bonus,bps,clean_sheets,creativity,ea_index,element_code,end_cost,goals_conceded,goals_scored,ict_index,id,influence,minutes,own_goals,penalties_missed,penalties_saved,red_cards,saves,season,season_name,start_cost,threat,total_points,yellow_cards
0,0,1,0,0.0,1,106450,45,0,0,0.0,5248,0.0,8,0,0,0,0,0,8,2013/14,45,0.0,1,0
0,0,0,0,0.0,0,106450,45,0,0,0.0,5851,0.0,0,0,0,0,0,0,9,2014/15,45,0.0,0,0
0,0,9,0,0.0,-4,106450,46,0,0,0.0,6538,0.0,69,0,0,0,0,0,10,2015/16,50,0.0,3,0
0,0,0,0,0.0,0,106450,45,0,0,0.0,7282,0.0,0,0,0,0,0,0,11,2016/17,45,0.0,0,0
2,3,168,3,300.3,0,106450,54,12,1,68.7,8034,173.6,997,0,0,0,0,0,12,2017/18,55,213.0,40,1
