assists,bonus,bps,clean_sheets,creativity,ea_index,element_code,end_cost,goals_conceded,goals_scored,ict_index,id,influence,minutes,own_goals,penalties_missed,penalties_saved,red_cards,saves,season,season_name,start_cost,threat,total_points,yellow_cards
0,0,4,0,0.0,6,11974,39,3,0,0.0,4709,0.0,90,0,0,0,0,4,8,2013/14,40,0.0,2,0
0,0,39,1,0.0,19,11974,40,2,0,0.0,5433,0.0,228,0,0,0,0,8,9,2014/15,40,0.0,11,0
0,7,431,5,0.3,0,11974,41,36,0,55.8,6832,554.2,1980,0,0,2,0,73,11,2016/17,40,4.0,86,0
0,0,36,0,0.0,0,11974,42,6,0,6.8,7547,67.8,180,0,0,0,0,8,12,2017/18,45,0.0,4,0
