assists,bonus,bps,clean_sheets,creativity,element_code,end_cost,goals_conceded,goals_scored,ict_index,influence,minutes,own_goals,penalties_missed,penalties_saved,red_cards,saves,season_name,start_cost,threat,total_points,yellow_cards
8,22,567,5,0.0,78356,61,65,18,0.0,0.0,3065,0,2,0,1,0,2014/15,60,0.0,176,4
0,3,46,0,0.0,78356,63,2,1,0.0,0.0,211,0,0,0,0,0,2015/16,70,0.0,15,0
1,10,218,6,134.3,78356,63,8,6,97.9,274.2,934,0,0,0,0,0,2016/17,65,573.0,62,1
1,9,215,4,89.4,78356,58,15,7,107.7,302.8,1024,0,0,0,0,0,2017/18,65,689.0,72,2
2,1,117,5,115.3,78356,55,17,2,67.4,158.4,970,0,1,0,0,0,2018/19,60,405.0,46,1
