assists,bonus,bps,clean_sheets,creativity,element_code,end_cost,goals_conceded,goals_scored,ict_index,influence,minutes,own_goals,penalties_missed,penalties_saved,red_cards,saves,season_name,start_cost,threat,total_points,yellow_cards
1,11,230,6,0.0,85971,75,12,4,0.0,0.0,1107,0,0,0,0,0,2015/16,80,0.0,70,0
9,13,512,10,642.3,85971,72,18,14,255.6,753.4,2063,0,0,0,0,0,2016/17,75,1161.0,174,2
8,16,544,14,588.2,85971,83,18,12,249.1,725.8,2292,0,0,0,0,0,2017/18,80,1177.0,178,0
8,17,489,10,508.0,85971,86,23,12,219.9,690.6,2033,0,0,0,1,0,2018/19,85,1002.0,159,2
