assists,bonus,bps,clean_sheets,creativity,element_code,end_cost,goals_conceded,goals_scored,ict_index,influence,minutes,own_goals,penalties_missed,penalties_saved,red_cards,saves,season_name,start_cost,threat,total_points,yellow_cards
0,1,0,0,0.0,32259,35,2,0,0.0,0.0,90,0,0,0,0,4,2006/07,35,0.0,3,0
0,2,96,2,0.0,32259,44,12,0,0.0,0.0,540,0,0,0,0,12,2015/16,45,0.0,18,0
0,5,370,4,0.0,32259,44,39,0,48.7,484.8,1980,0,0,1,0,64,2016/17,45,0.0,69,1
0,0,0,0,0.0,32259,45,0,0,0.0,0.0,0,0,0,0,0,0,2017/18,45,0.0,0,0
