assists,bonus,bps,clean_sheets,creativity,element_code,end_cost,goals_conceded,goals_scored,ict_index,influence,minutes,own_goals,penalties_missed,penalties_saved,red_cards,saves,season_name,start_cost,threat,total_points,yellow_cards
3,12,452,6,0.0,93264,46,37,2,0.0,0.0,2293,0,0,0,0,0,2014/15,50,0.0,93,4
2,3,676,12,0.0,93264,54,35,3,0.0,0.0,3263,0,0,0,0,0,2015/16,50,0.0,130,10
0,4,505,16,223.8,93264,50,24,2,120.7,663.6,3043,0,0,0,0,0,2016/17,55,315.0,93,6
2,2,477,15,293.4,93264,47,30,0,118.6,604.2,2822,0,0,0,0,0,2017/18,50,289.0,85,4
0,3,269,5,150.1,93264,47,18,3,63.6,363.4,1504,0,0,0,0,0,2018/19,50,121.0,56,4
