assists,bonus,bps,clean_sheets,creativity,ea_index,element_code,end_cost,goals_conceded,goals_scored,ict_index,id,influence,minutes,own_goals,penalties_missed,penalties_saved,red_cards,saves,season,season_name,start_cost,threat,total_points,yellow_cards
1,2,0,10,0.0,249,50089,43,37,0,0.0,4230,0.0,2637,0,0,0,0,0,7,2012/13,45,0.0,92,5
1,7,144,8,0.0,421,50089,49,50,2,0.0,4881,0.0,3285,0,0,0,0,0,8,2013/14,50,0.0,108,7
1,6,386,5,0.0,260,50089,42,30,0,0.0,5581,0.0,2138,0,0,0,0,0,9,2014/15,45,0.0,66,4
0,1,446,6,0.0,293,50089,42,40,0,0.0,6287,0.0,2358,0,0,0,1,0,10,2015/16,45,0.0,63,0
1,5,340,6,165.0,0,50089,42,25,0,69.6,6994,354.4,1629,0,0,0,0,0,11,2016/17,45,174.0,58,1
