assists,bonus,bps,clean_sheets,creativity,element_code,end_cost,goals_conceded,goals_scored,ict_index,influence,minutes,own_goals,penalties_missed,penalties_saved,red_cards,saves,season_name,start_cost,threat,total_points,yellow_cards
0,0,0,0,0.0,98980,44,0,0,0.0,0.0,0,0,0,0,0,0,2012/13,45,0.0,0,0
0,0,57,2,0.0,98980,45,4,0,0.0,0.0,302,0,0,0,0,4,2014/15,45,0.0,14,0
0,0,35,1,0.0,98980,39,3,0,3.1,30.6,180,0,0,0,0,5,2016/17,40,0.0,8,0
0,0,0,0,0.0,98980,40,0,0,0.0,0.0,0,0,0,0,0,0,2017/18,40,0.0,0,0
0,0,0,0,0.0,98980,40,0,0,0.0,0.0,0,0,0,0,0,0,2018/19,40,0.0,0,0
