assists,bonus,bps,clean_sheets,creativity,element_code,end_cost,goals_conceded,goals_scored,ict_index,influence,minutes,own_goals,penalties_missed,penalties_saved,red_cards,saves,season_name,start_cost,threat,total_points,yellow_cards
0,0,20,0,0.0,95658,41,3,0,0.0,0.0,94,0,0,0,0,0,2014/15,45,0.0,1,1
3,5,483,4,157.2,95658,44,53,2,130.6,707.6,2307,0,0,0,0,0,2016/17,45,439.0,71,5
4,10,716,9,254.3,95658,55,60,2,168.8,955.8,3420,0,0,0,0,0,2017/18,50,478.0,117,7
1,10,533,6,165.3,95658,54,41,3,134.3,715.8,2596,0,0,0,1,0,2018/19,55,462.0,92,6
