assists,bonus,bps,clean_sheets,creativity,ea_index,element_code,end_cost,goals_conceded,goals_scored,ict_index,id,influence,minutes,own_goals,penalties_missed,penalties_saved,red_cards,saves,season,season_name,start_cost,threat,total_points,yellow_cards
0,0,9,0,0.0,21,105666,47,7,0,0.0,4745,0.0,225,0,0,0,0,12,8,2013/14,50,0.0,5,0
0,0,63,2,0.0,33,105666,45,2,0,0.0,5435,0.0,270,0,0,0,0,11,9,2014/15,45,0.0,15,0
1,14,620,10,0.0,341,105666,51,37,0,0.0,6125,0.0,2790,0,0,0,0,102,10,2015/16,45,0.0,132,0
0,2,104,2,0.0,0,105666,45,8,0,12.2,6846,121.8,450,0,0,0,0,17,11,2016/17,50,0.0,20,0
