assists,bonus,bps,clean_sheets,creativity,ea_index,element_code,end_cost,goals_conceded,goals_scored,ict_index,id,influence,minutes,own_goals,penalties_missed,penalties_saved,red_cards,saves,season,season_name,start_cost,threat,total_points,yellow_cards
4,20,439,8,0.0,471,84939,55,47,11,0.0,5984,0.0,3025,0,0,0,0,0,9,2014/15,60,0.0,139,6
0,5,68,0,0.0,81,84939,69,7,2,0.0,6720,0.0,340,0,0,0,0,0,10,2015/16,75,0.0,21,1
0,0,0,0,0.0,0,84939,54,0,0,0.0,7429,0.0,0,0,0,0,0,0,11,2016/17,60,0.0,0,0
1,0,53,3,42.0,0,84939,54,0,1,24.0,8086,57.8,262,0,0,0,0,0,12,2017/18,55,143.0,18,0
