assists,bonus,bps,clean_sheets,creativity,ea_index,element_code,end_cost,goals_conceded,goals_scored,ict_index,id,influence,minutes,own_goals,penalties_missed,penalties_saved,red_cards,saves,season,season_name,start_cost,threat,total_points,yellow_cards
3,8,158,10,0.0,497,27789,71,30,5,0.0,5069,0.0,2609,0,0,0,0,0,8,2013/14,80,0.0,105,8
4,10,531,7,0.0,439,27789,68,33,3,0.0,5786,0.0,2267,0,0,0,0,0,9,2014/15,70,0.0,95,7
3,5,510,13,0.0,417,27789,56,31,2,0.0,6489,0.0,2729,0,0,0,0,0,10,2015/16,60,0.0,90,8
1,3,483,10,575.7,0,27789,53,27,2,148.5,7207,546.6,2755,0,0,0,2,0,11,2016/17,55,364.0,78,4
4,9,596,15,511.9,0,27789,50,24,5,172.4,7888,800.2,2880,0,0,0,0,0,12,2017/18,50,411.0,120,7
