assists,bonus,bps,clean_sheets,creativity,ea_index,element_code,end_cost,goals_conceded,goals_scored,ict_index,id,influence,minutes,own_goals,penalties_missed,penalties_saved,red_cards,saves,season,season_name,start_cost,threat,total_points,yellow_cards
1,17,198,12,0.0,313,38454,54,37,2,0.0,4876,0.0,2787,0,0,0,0,0,8,2013/14,50,0.0,124,7
0,5,407,6,0.0,195,38454,49,28,0,0.0,5562,0.0,2037,0,0,0,0,0,9,2014/15,55,0.0,66,4
0,4,416,8,0.0,248,38454,48,24,0,0.0,6231,0.0,1896,0,0,0,0,0,10,2015/16,50,0.0,70,2
1,6,589,11,119.2,0,38454,49,31,2,107.1,6950,715.4,2553,0,0,0,0,0,11,2016/17,50,236.0,106,6
1,10,539,11,104.5,0,38454,53,24,2,100.2,7639,656.4,2124,0,0,0,0,0,12,2017/18,55,242.0,110,4
