assists,bonus,bps,clean_sheets,creativity,ea_index,element_code,end_cost,goals_conceded,goals_scored,ict_index,id,influence,minutes,own_goals,penalties_missed,penalties_saved,red_cards,saves,season,season_name,start_cost,threat,total_points,yellow_cards
0,0,0,3,0.0,56,73459,44,7,0,0.0,3737,0.0,577,0,0,0,0,0,6,2011/12,45,0.0,13,4
0,0,0,0,0.0,1,73459,43,0,0,0.0,4451,0.0,0,0,0,0,0,0,7,2012/13,45,0.0,0,0
0,0,0,0,0.0,0,73459,39,0,0,0.0,4935,0.0,0,0,0,0,0,0,8,2013/14,40,0.0,0,0
1,2,128,2,0.0,70,73459,40,12,0,0.0,5601,0.0,636,0,0,0,0,0,9,2014/15,40,0.0,24,1
