assists,bonus,bps,clean_sheets,creativity,ea_index,element_code,end_cost,goals_conceded,goals_scored,ict_index,id,influence,minutes,own_goals,penalties_missed,penalties_saved,red_cards,saves,season,season_name,start_cost,threat,total_points,yellow_cards
0,0,0,0,0.0,0,154566,50,0,0,0.0,6079,0.0,0,0,0,0,0,0,9,2014/15,50,0.0,0,0
0,0,0,0,0.0,0,154566,50,0,0,0.0,6702,0.0,0,0,0,0,0,0,10,2015/16,50,0.0,0,0
0,0,0,0,0.0,0,154566,50,0,0,0.0,7488,0.0,0,0,0,0,0,0,11,2016/17,50,0.0,0,0
2,2,107,3,199.4,0,154566,46,4,1,66.4,8088,123.8,581,0,0,0,0,0,12,2017/18,50,350.0,38,0
