assists,bonus,bps,clean_sheets,creativity,element_code,end_cost,goals_conceded,goals_scored,ict_index,influence,minutes,own_goals,penalties_missed,penalties_saved,red_cards,saves,season_name,start_cost,threat,total_points,yellow_cards
0,0,0,0,0.0,153127,45,0,0,0.0,0.0,0,0,0,0,0,0,2013/14,45,0.0,0,0
0,0,0,0,0.0,153127,43,0,0,0.0,0.0,0,0,0,0,0,0,2014/15,45,0.0,0,0
0,0,171,3,164.7,153127,43,25,1,58.2,273.6,1365,0,0,0,0,0,2017/18,45,144.0,41,7
4,5,306,7,298.8,153127,43,25,1,94.4,412.0,1857,0,0,0,1,0,2018/19,45,232.0,69,3
