assists,bonus,bps,clean_sheets,creativity,element_code,end_cost,goals_conceded,goals_scored,ict_index,influence,minutes,own_goals,penalties_missed,penalties_saved,red_cards,saves,season_name,start_cost,threat,total_points,yellow_cards
4,25,746,15,0.0,37402,52,20,0,0.0,0.0,2711,0,0,0,0,0,2015/16,50,0.0,150,4
4,10,679,8,536.4,37402,53,57,2,149.4,802.0,3103,0,0,0,0,0,2016/17,55,152.0,104,10
1,8,370,4,282.2,37402,47,35,0,73.5,396.6,1917,1,0,0,0,0,2017/18,50,55.0,57,1
0,0,38,0,85.6,37402,41,5,0,14.9,50.4,206,0,0,0,0,0,2018/19,45,14.0,3,0
