assists,bonus,bps,clean_sheets,creativity,element,fixture,goals_conceded,goals_scored,ict_index,influence,kickoff_time,minutes,opponent_team,own_goals,penalties_missed,penalties_saved,red_cards,round,saves,selected,team_a_score,team_h_score,threat,total_points,transfers_balance,transfers_in,transfers_out,value,was_home,yellow_cards
0,0,2,1,10.9,618,246,0,0,6.4,23.4,2020-02-01T17:30:00Z,90,20,0,0,0,0,25,0,97885,0,0,30.0,2,94825,97066,2241,80,True,1
1,0,17,1,41.6,618,254,0,0,6.9,23.6,2020-02-17T20:00:00Z,90,6,0,0,0,0,26,0,175675,2,0,4.0,6,77402,87568,10166,80,False,0
1,3,51,1,55.4,618,267,0,1,15.5,68.4,2020-02-23T14:00:00Z,90,18,0,0,0,0,27,0,325748,0,3,31.0,14,145837,153618,7781,81,True,0
0,3,26,0,24.5,618,274,1,1,13.3,51.6,2020-03-01T14:00:00Z,90,8,0,0,0,0,28,0,863003,1,1,57.0,10,449136,455077,5941,82,False,0
1,0,16,1,39.8,618,287,0,0,8.5,25.4,2020-03-08T16:30:00Z,87,11,0,0,0,0,29,0,1036914,0,2,20.0,6,264700,301795,37095,84,True,0
