assists,bonus,bps,clean_sheets,creativity,element,fixture,goals_conceded,goals_scored,ict_index,influence,kickoff_time,minutes,opponent_team,own_goals,penalties_missed,penalties_saved,red_cards,round,saves,selected,team_a_score,team_h_score,threat,total_points,transfers_balance,transfers_in,transfers_out,value,was_home,yellow_cards
0,0,0,0,0.0,600,211,0,0,0.0,0.0,2020-01-12T16:30:00Z,0,11,0,0,0,0,22,0,0,6,1,0.0,0,0,0,0,45,True,0
0,0,0,0,0.8,600,222,0,0,0.2,1.2,2020-01-18T15:00:00Z,23,4,0,0,0,0,23,0,74,1,1,0.0,1,54,73,19,45,False,0
0,0,3,0,0.5,600,231,0,0,0.5,0.0,2020-01-21T19:30:00Z,13,18,0,0,0,0,24,0,175,1,2,4.0,1,74,94,20,45,True,0
0,0,0,0,0.0,600,241,0,0,0.0,0.0,2020-02-01T15:00:00Z,0,3,0,0,0,0,25,0,234,1,2,0.0,0,34,84,50,45,False,0
0,0,0,0,0.0,600,252,0,0,0.0,0.0,2020-02-16T14:00:00Z,0,17,0,0,0,0,26,0,337,3,2,0.0,0,72,115,43,45,True,0
0,0,0,0,0.0,600,269,0,0,0.0,0.0,2020-02-22T15:00:00Z,0,16,0,0,0,0,27,0,383,0,2,0.0,0,14,70,56,45,False,0
0,0,0,0,0.0,600,285,0,0,0.0,0.0,2020-03-09T20:00:00Z,0,9,0,0,0,0,29,0,499,0,4,0.0,0,76,125,49,45,False,0
