assists,bonus,bps,clean_sheets,creativity,ea_index,element_code,end_cost,goals_conceded,goals_scored,ict_index,id,influence,minutes,own_goals,penalties_missed,penalties_saved,red_cards,saves,season,season_name,start_cost,threat,total_points,yellow_cards
0,0,0,0,0.0,0,98980,44,0,0,0.0,4041,0.0,0,0,0,0,0,0,7,2012/13,45,0.0,0,0
0,0,57,2,0.0,33,98980,45,4,0,0.0,5427,0.0,302,0,0,0,0,4,9,2014/15,45,0.0,14,0
0,0,35,1,0.0,0,98980,39,3,0,3.1,6882,30.6,180,0,0,0,0,5,11,2016/17,40,0.0,8,0
0,0,0,0,0.0,0,98980,40,0,0,0.0,7503,0.0,0,0,0,0,0,0,12,2017/18,40,0.0,0,0
