assists,bonus,bps,clean_sheets,creativity,element_code,end_cost,goals_conceded,goals_scored,ict_index,influence,minutes,own_goals,penalties_missed,penalties_saved,red_cards,saves,season_name,start_cost,threat,total_points,yellow_cards
2,8,231,6,0.0,44699,44,38,5,0.0,0.0,2418,0,0,0,1,0,2014/15,45,0.0,88,4
3,10,241,6,277.1,44699,46,27,6,125.5,328.8,1774,0,0,0,1,0,2016/17,45,663.0,81,6
0,9,290,5,274.8,44699,53,23,9,145.8,407.2,2150,0,0,0,0,0,2017/18,55,797.0,92,10
3,13,394,7,309.9,44699,56,41,12,192.9,581.2,2378,1,0,0,0,0,2018/19,60,1042.0,122,8
