assists,bonus,bps,clean_sheets,creativity,element_code,end_cost,goals_conceded,goals_scored,ict_index,influence,minutes,own_goals,penalties_missed,penalties_saved,red_cards,saves,season_name,start_cost,threat,total_points,yellow_cards
0,0,0,0,0.0,60689,40,0,0,0.0,0.0,17,0,0,0,0,0,2008/09,40,0.0,2,0
0,0,0,0,0.0,60689,41,0,0,0.0,0.0,9,0,0,0,0,0,2010/11,45,0.0,1,0
0,0,26,0,0.0,60689,43,3,1,0.0,0.0,114,0,0,0,0,0,2014/15,45,0.0,11,0
1,20,314,10,203.5,60689,62,11,10,133.8,442.0,1621,0,0,0,0,0,2017/18,65,692.0,104,1
3,17,379,7,310.3,60689,63,49,10,167.9,475.8,2580,0,0,0,0,0,2018/19,65,911.0,131,2
