assists,bonus,bps,clean_sheets,creativity,element_code,end_cost,goals_conceded,goals_scored,ict_index,influence,minutes,own_goals,penalties_missed,penalties_saved,red_cards,saves,season_name,start_cost,threat,total_points,yellow_cards
0,0,0,0,0.0,154566,50,0,0,0.0,0.0,0,0,0,0,0,0,2014/15,50,0.0,0,0
0,0,0,0,0.0,154566,50,0,0,0.0,0.0,0,0,0,0,0,0,2015/16,50,0.0,0,0
0,0,0,0,0.0,154566,50,0,0,0.0,0.0,0,0,0,0,0,0,2016/17,50,0.0,0,0
2,2,107,3,199.4,154566,46,4,1,66.4,123.8,581,0,0,0,0,0,2017/18,50,350.0,38,0
1,0,45,0,96.0,154566,47,5,0,33.0,79.0,340,0,0,0,0,0,2018/19,50,154.0,15,0
