assists,bonus,bps,clean_sheets,creativity,element_code,end_cost,goals_conceded,goals_scored,ict_index,influence,minutes,own_goals,penalties_missed,penalties_saved,red_cards,saves,season_name,start_cost,threat,total_points,yellow_cards
1,5,162,2,0.0,152760,50,8,5,0.0,0.0,670,0,0,0,0,0,2015/16,60,0.0,48,0
4,8,297,7,264.4,152760,60,18,7,116.1,360.0,1469,0,0,0,0,0,2016/17,70,551.0,96,0
0,0,3,0,0.0,152760,74,1,0,0.0,0.0,9,0,0,0,0,0,2017/18,75,0.0,1,0
1,1,122,3,45.0,152760,50,2,3,38.2,143.4,364,0,0,0,0,0,2018/19,50,195.0,32,0
