assists,bonus,bps,clean_sheets,creativity,ea_index,element_code,end_cost,goals_conceded,goals_scored,ict_index,id,influence,minutes,own_goals,penalties_missed,penalties_saved,red_cards,saves,season,season_name,start_cost,threat,total_points,yellow_cards
0,11,548,10,0.0,297,57145,49,37,0,0.0,5647,0.0,2475,0,0,0,0,0,9,2014/15,50,0.0,93,0
1,12,638,8,0.0,333,57145,48,44,1,0.0,6306,0.0,2880,1,0,0,0,0,10,2015/16,50,0.0,98,3
1,4,435,6,38.2,0,57145,42,41,0,82.9,7012,579.4,2430,0,0,0,0,0,11,2016/17,45,206.0,63,7
1,10,500,7,75.4,0,57145,45,44,1,100.0,7688,736.0,2676,1,0,0,0,0,12,2017/18,45,187.0,85,5
