assists,attempted_passes,big_chances_created,big_chances_missed,bonus,bps,clean_sheets,clearances_blocks_interceptions,completed_passes,creativity,dribbles,ea_index,element,errors_leading_to_goal,errors_leading_to_goal_attempt,fixture,fouls,goals_conceded,goals_scored,ict_index,id,influence,key_passes,kickoff_time,kickoff_time_formatted,loaned_in,loaned_out,minutes,offside,open_play_crosses,opponent_team,own_goals,penalties_conceded,penalties_missed,penalties_saved,recoveries,red_cards,round,saves,selected,tackled,tackles,target_missed,team_a_score,team_h_score,threat,total_points,transfers_balance,transfers_in,transfers_out,value,was_home,winning_goals,yellow_cards
0,0,0,0,0,0,0,0,0,0.0,0,0,610,0,0,334,0,0,0,0.0,19076,0.0,0,2019-04-13T14:00:00Z,13 Apr 15:00,0,0,0,0,0,8,0,0,0,0,0,0,34,0,0,0,0,0,0,2,0.0,0,0,0,0,40,True,0,0
0,0,0,0,0,0,0,0,0,0.0,0,0,610,0,0,342,0,0,0,0.0,19930,0.0,0,2019-04-20T14:00:00Z,20 Apr 15:00,0,0,0,0,0,2,0,0,0,0,0,0,35,0,8670,0,0,0,1,0,0.0,0,5757,6810,1053,40,False,0,0
0,0,0,0,0,0,0,0,0,0.0,0,0,610,0,0,354,0,0,0,0.0,20546,0.0,0,2019-04-27T14:00:00Z,27 Apr 15:00,0,0,0,0,0,5,0,0,0,0,0,0,36,0,14951,0,0,0,0,1,0.0,0,6618,8042,1424,40,True,0,0
0,1,0,0,0,3,0,0,1,0.3,0,0,610,0,0,370,0,0,0,0.0,21161,0.0,0,2019-05-04T14:00:00Z,04 May 15:00,0,0,2,0,0,20,0,0,0,0,0,0,37,0,22211,0,0,0,0,1,0.0,1,6025,7937,1912,40,False,0,0
0,10,0,0,0,4,0,0,10,1.4,0,0,610,0,0,374,0,1,0,2.2,21777,3.8,0,2019-05-12T14:00:00Z,12 May 15:00,0,0,16,0,0,15,0,0,0,0,3,0,38,0,40723,0,0,0,4,0,17.0,1,13780,17307,3527,40,True,0,0
