assists,bonus,bps,clean_sheets,creativity,element,fixture,goals_conceded,goals_scored,ict_index,influence,kickoff_time,minutes,opponent_team,own_goals,penalties_missed,penalties_saved,red_cards,round,saves,selected,team_a_score,team_h_score,threat,total_points,transfers_balance,transfers_in,transfers_out,value,was_home,yellow_cards
0,0,0,0,0.0,611,243,0,0,0.0,0.0,2020-02-01T15:00:00Z,0,7,0,0,0,0,25,0,739,1,0,0.0,0,483,568,85,40,False,0
0,0,0,0,0.0,611,258,0,0,0.0,0.0,2020-02-09T14:00:00Z,0,3,0,0,0,0,26,0,1193,1,2,0.0,0,261,401,140,40,True,0
0,0,0,0,0.0,611,268,0,0,0.0,0.0,2020-02-22T15:00:00Z,0,4,0,0,0,0,27,0,1692,1,1,0.0,0,234,394,160,40,True,0
0,0,0,0,0.0,611,288,0,0,0.0,0.0,2020-03-07T15:00:00Z,0,14,0,0,0,0,29,0,2274,0,1,0.0,0,105,259,154,40,True,0
