assists,bonus,bps,clean_sheets,creativity,element_code,end_cost,goals_conceded,goals_scored,ict_index,influence,minutes,own_goals,penalties_missed,penalties_saved,red_cards,saves,season_name,start_cost,threat,total_points,yellow_cards
0,0,0,0,0.0,114283,45,0,0,0.0,0.0,0,0,0,0,0,0,2011/12,45,0.0,0,0
0,0,0,0,0.0,114283,43,0,0,0.0,0.0,0,0,0,0,0,0,2012/13,45,0.0,0,0
0,0,1,0,0.0,114283,45,2,0,0.0,0.0,3,0,0,0,0,0,2013/14,45,0.0,1,0
1,2,147,2,0.0,114283,43,18,0,0.0,0.0,822,0,0,0,0,0,2014/15,45,0.0,31,0
0,0,128,0,0.0,114283,52,26,1,0.0,0.0,833,0,0,0,0,0,2015/16,55,0.0,28,1
