assists,bonus,bps,clean_sheets,creativity,element_code,end_cost,goals_conceded,goals_scored,ict_index,influence,minutes,own_goals,penalties_missed,penalties_saved,red_cards,saves,season_name,start_cost,threat,total_points,yellow_cards
2,4,282,3,0.0,122798,42,27,0,0.0,0.0,1526,0,0,0,0,0,2014/15,45,0.0,45,7
2,4,488,5,352.8,122798,44,59,1,95.6,502.6,2736,0,0,0,0,0,2016/17,45,100.0,73,5
5,12,514,10,414.5,122798,50,18,1,101.3,424.0,1940,0,0,0,0,0,2017/18,50,174.0,111,2
12,29,906,21,767.2,122798,67,20,0,183.6,748.8,3216,0,0,0,0,0,2018/19,60,318.0,213,4
