assists,bonus,bps,clean_sheets,creativity,ea_index,element_code,end_cost,goals_conceded,goals_scored,ict_index,id,influence,minutes,own_goals,penalties_missed,penalties_saved,red_cards,saves,season,season_name,start_cost,threat,total_points,yellow_cards
0,0,0,0,0.0,0,39725,45,0,0,0.0,2999,0.0,0,0,0,0,0,0,5,2010/11,45,0.0,0,0
0,0,0,6,0.0,130,39725,40,4,0,0.0,3332,0.0,720,0,0,0,0,20,6,2011/12,45,0.0,44,0
0,0,0,2,0.0,119,39725,51,17,0,0.0,4005,0.0,900,0,0,0,0,20,7,2012/13,55,0.0,26,0
0,0,8,1,0.0,17,39725,47,0,0,0.0,4718,0.0,90,0,0,0,0,4,8,2013/14,50,0.0,7,0
0,0,0,0,0.0,0,39725,48,0,0,0.0,5404,0.0,0,0,0,0,0,0,9,2014/15,50,0.0,0,0
0,0,0,0,0.0,0,39725,43,0,0,0.0,6140,0.0,0,0,0,0,0,0,10,2015/16,45,0.0,0,0
