assists,bonus,bps,clean_sheets,creativity,element_code,end_cost,goals_conceded,goals_scored,ict_index,influence,minutes,own_goals,penalties_missed,penalties_saved,red_cards,saves,season_name,start_cost,threat,total_points,yellow_cards
0,0,0,0,0.0,83428,40,0,0,0.0,0.0,90,0,0,0,0,0,2009/10,40,0.0,6,0
0,0,0,0,0.0,83428,39,13,1,0.0,0.0,444,1,0,0,0,1,2010/11,40,0.0,9,1
0,3,0,2,0.0,83428,39,45,1,0.0,0.0,1825,0,0,0,0,0,2011/12,40,0.0,35,6
0,0,0,0,0.0,83428,40,0,0,0.0,0.0,0,0,0,0,0,0,2017/18,40,0.0,0,0
