assists,attempted_passes,big_chances_created,big_chances_missed,bonus,bps,clean_sheets,clearances_blocks_interceptions,completed_passes,creativity,dribbles,ea_index,element,errors_leading_to_goal,errors_leading_to_goal_attempt,fixture,fouls,goals_conceded,goals_scored,ict_index,id,influence,key_passes,kickoff_time,kickoff_time_formatted,loaned_in,loaned_out,minutes,offside,open_play_crosses,opponent_team,own_goals,penalties_conceded,penalties_missed,penalties_saved,recoveries,red_cards,round,saves,selected,tackled,tackles,target_missed,team_a_score,team_h_score,threat,total_points,transfers_balance,transfers_in,transfers_out,value,was_home,winning_goals,yellow_cards
0,0,0,0,0,0,0,0,0,0.0,0,0,642,0,0,331,0,0,0,0.0,19747,0.0,0,2018-04-14T14:00:00Z,14 Apr 15:00,0,0,0,0,0,4,0,0,0,0,0,0,34,0,0,0,0,0,1,2,0.0,0,0,0,0,45,False,0,0
0,2,0,0,0,2,0,0,2,0.5,0,0,642,0,0,346,0,0,0,0.3,19748,0.0,0,2018-04-19T18:45:00Z,19 Apr 19:45,0,0,1,0,0,14,0,0,0,0,0,0,34,0,0,0,0,1,0,0,4.0,1,0,0,0,45,True,0,0
0,0,0,0,0,0,0,0,0,0.0,0,0,642,0,0,352,0,0,0,0.0,20799,0.0,0,2018-04-28T14:00:00Z,28 Apr 15:00,0,0,0,0,0,6,0,0,0,0,0,0,36,0,80,0,0,0,0,5,0.0,0,18,29,11,45,False,0,0
0,0,0,0,0,0,0,0,0,0.0,0,0,642,0,0,366,0,0,0,0.0,21815,0.0,0,2018-05-05T14:00:00Z,05 May 15:00,0,0,0,0,0,20,0,0,0,0,0,0,37,0,107,0,0,0,2,0,0.0,0,13,24,11,45,True,0,0
0,0,0,0,0,3,0,0,0,0.0,0,0,642,0,0,304,0,0,0,0.0,21814,0.0,0,2018-05-09T18:45:00Z,09 May 19:45,0,0,2,0,0,1,0,0,0,0,0,0,37,0,107,0,0,0,1,3,0.0,1,13,24,11,45,True,0,0
0,4,0,0,0,3,0,0,4,0.5,0,0,642,0,0,379,0,0,0,0.3,22463,0.2,0,2018-05-13T14:00:00Z,13 May 15:00,0,0,5,0,0,17,0,0,0,0,0,0,38,0,137,0,0,0,4,5,2.0,1,18,26,8,45,False,0,0
