assists,bonus,bps,clean_sheets,creativity,ea_index,element_code,end_cost,goals_conceded,goals_scored,ict_index,id,influence,minutes,own_goals,penalties_missed,penalties_saved,red_cards,saves,season,season_name,start_cost,threat,total_points,yellow_cards
0,0,0,0,0.0,0,135363,40,0,0,0.0,4277,0.0,0,0,0,0,0,0,7,2012/13,40,0.0,0,0
0,0,2,0,0.0,2,135363,45,0,0,0.0,5667,0.0,13,0,0,0,0,0,9,2014/15,45,0.0,1,0
0,0,0,0,0.0,0,135363,45,0,0,0.0,6200,0.0,0,0,0,0,0,0,10,2015/16,45,0.0,0,0
0,4,475,8,66.5,0,135363,53,23,0,64.3,7727,466.6,2067,0,0,0,0,0,12,2017/18,55,109.0,79,0
