assists,bonus,bps,clean_sheets,creativity,element_code,end_cost,goals_conceded,goals_scored,ict_index,influence,minutes,own_goals,penalties_missed,penalties_saved,red_cards,saves,season_name,start_cost,threat,total_points,yellow_cards
0,0,0,0,0.0,135363,40,0,0,0.0,0.0,0,0,0,0,0,0,2012/13,40,0.0,0,0
0,0,2,0,0.0,135363,45,0,0,0.0,0.0,13,0,0,0,0,0,2014/15,45,0.0,1,0
0,0,0,0,0.0,135363,45,0,0,0.0,0.0,0,0,0,0,0,0,2015/16,45,0.0,0,0
0,4,475,8,66.5,135363,53,23,0,64.3,466.6,2067,0,0,0,0,0,2017/18,55,109.0,79,0
0,0,133,3,8.4,135363,50,7,0,13.6,120.6,615,0,0,0,0,0,2018/19,55,6.0,22,1
