assists,bonus,bps,clean_sheets,creativity,element_code,end_cost,goals_conceded,goals_scored,ict_index,influence,minutes,own_goals,penalties_missed,penalties_saved,red_cards,saves,season_name,start_cost,threat,total_points,yellow_cards
0,10,301,3,0.0,168580,43,50,7,0.0,0.0,2372,0,0,0,0,0,2014/15,50,0.0,98,0
3,10,334,5,0.0,168580,51,43,6,0.0,0.0,2050,0,0,0,0,0,2015/16,55,0.0,93,4
6,15,420,8,539.0,168580,55,28,8,191.7,571.8,2486,1,0,0,0,0,2017/18,55,809.0,124,3
2,19,541,11,585.6,168580,61,35,12,232.1,783.6,2916,0,0,0,0,0,2018/19,65,954.0,141,2
