assists,attempted_passes,big_chances_created,big_chances_missed,bonus,bps,clean_sheets,clearances_blocks_interceptions,completed_passes,creativity,dribbles,ea_index,element,errors_leading_to_goal,errors_leading_to_goal_attempt,fixture,fouls,goals_conceded,goals_scored,ict_index,id,influence,key_passes,kickoff_time,kickoff_time_formatted,loaned_in,loaned_out,minutes,offside,open_play_crosses,opponent_team,own_goals,penalties_conceded,penalties_missed,penalties_saved,recoveries,red_cards,round,saves,selected,tackled,tackles,target_missed,team_a_score,team_h_score,threat,total_points,transfers_balance,transfers_in,transfers_out,value,was_home,winning_goals,yellow_cards
0,0,0,0,0,0,0,0,0,0.0,0,0,636,0,0,320,0,0,0,0.0,18231,0.0,0,2018-03-31T14:00:00Z,31 Mar 15:00,0,0,0,0,0,14,0,0,0,0,0,0,32,0,0,0,0,0,0,3,0.0,0,0,0,0,45,True,0,0
0,0,0,0,0,0,0,0,0,0.0,0,0,636,0,0,324,0,0,0,0.0,18868,0.0,0,2018-04-08T15:30:00Z,08 Apr 16:30,0,0,0,0,0,5,0,0,0,0,0,0,33,0,78,0,0,0,1,1,0.0,0,49,58,9,45,False,0,0
0,0,0,0,0,0,0,0,0,0.0,0,0,636,0,0,340,0,0,0,0.0,19741,0.0,0,2018-04-16T19:00:00Z,16 Apr 20:00,0,0,0,0,0,15,0,0,0,0,0,0,34,0,254,0,0,0,1,1,0.0,0,67,93,26,45,True,0,0
0,0,0,0,0,0,0,0,0,0.0,0,0,636,0,0,341,0,0,0,0.0,20152,0.0,0,2018-04-22T12:30:00Z,22 Apr 13:30,0,0,0,0,0,1,0,0,0,0,0,0,35,0,259,0,0,0,1,4,0.0,0,27,53,26,45,False,0,0
0,0,0,0,0,0,0,0,0,0.0,0,0,636,0,0,360,0,0,0,0.0,20793,0.0,0,2018-04-29T13:15:00Z,29 Apr 14:15,0,0,0,0,0,11,0,0,0,0,0,0,36,0,258,0,0,0,4,1,0.0,0,26,55,29,45,True,0,0
0,0,0,0,0,0,0,0,0,0.0,0,0,636,0,0,366,0,0,0,0.0,21808,0.0,0,2018-05-05T14:00:00Z,05 May 15:00,0,0,0,0,0,9,0,0,0,0,0,0,37,0,343,0,0,0,2,0,0.0,0,49,101,52,45,False,0,0
0,0,0,0,0,0,0,0,0,0.0,0,0,636,0,0,310,0,0,0,0.0,21807,0.0,0,2018-05-10T18:45:00Z,10 May 19:45,0,0,0,0,0,12,0,0,0,0,0,0,37,0,343,0,0,0,0,0,0.0,0,49,101,52,45,True,0,0
0,0,0,0,0,0,0,0,0,0.0,0,0,636,0,0,380,0,0,0,0.0,22457,0.0,0,2018-05-13T14:00:00Z,13 May 15:00,0,0,0,0,0,7,0,0,0,0,0,0,38,0,461,0,0,0,1,3,0.0,0,105,179,74,45,True,0,0
