assists,bonus,bps,clean_sheets,creativity,element_code,end_cost,goals_conceded,goals_scored,ict_index,influence,minutes,own_goals,penalties_missed,penalties_saved,red_cards,saves,season_name,start_cost,threat,total_points,yellow_cards
0,0,23,1,0.0,155569,44,2,0,0.0,0.0,104,0,0,0,0,0,2015/16,45,0.0,7,0
1,3,262,4,204.0,155569,43,35,1,57.0,254.4,1673,0,0,0,0,0,2016/17,45,109.0,53,3
0,0,53,3,10.3,155569,43,7,0,9.2,81.2,486,0,0,0,1,0,2017/18,45,0.0,13,0
0,0,103,1,46.7,155569,43,9,0,20.8,139.0,639,0,0,0,0,0,2018/19,45,21.0,15,2
