assists,bonus,bps,clean_sheets,creativity,element_code,end_cost,goals_conceded,goals_scored,ict_index,influence,minutes,own_goals,penalties_missed,penalties_saved,red_cards,saves,season_name,start_cost,threat,total_points,yellow_cards
1,2,465,9,0.0,51927,45,44,2,0.0,0.0,2888,0,0,0,0,0,2014/15,45,0.0,93,10
2,6,592,9,93.7,51927,44,49,1,126.7,890.0,3015,2,0,0,0,0,2016/17,45,281.0,94,5
0,6,491,9,74.5,51927,49,27,0,117.3,748.6,2610,0,0,0,0,0,2017/18,45,349.0,90,5
2,5,572,8,113.8,51927,46,68,0,123.9,885.4,3420,2,0,0,0,0,2018/19,50,238.0,81,9
