assists,bonus,bps,clean_sheets,creativity,element_code,end_cost,goals_conceded,goals_scored,ict_index,influence,minutes,own_goals,penalties_missed,penalties_saved,red_cards,saves,season_name,start_cost,threat,total_points,yellow_cards
4,20,439,8,0.0,84939,55,47,11,0.0,0.0,3025,0,0,0,0,0,2014/15,60,0.0,139,6
0,5,68,0,0.0,84939,69,7,2,0.0,0.0,340,0,0,0,0,0,2015/16,75,0.0,21,1
0,0,0,0,0.0,84939,54,0,0,0.0,0.0,0,0,0,0,0,0,2016/17,60,0.0,0,0
1,0,53,3,42.0,84939,54,0,1,24.0,57.8,262,0,0,0,0,0,2017/18,55,143.0,18,0
3,11,310,5,346.9,84939,54,27,7,158.4,433.8,1650,0,0,0,0,0,2018/19,55,808.0,90,1
