assists,bonus,bps,clean_sheets,creativity,ea_index,element_code,end_cost,goals_conceded,goals_scored,ict_index,id,influence,minutes,own_goals,penalties_missed,penalties_saved,red_cards,saves,season,season_name,start_cost,threat,total_points,yellow_cards
0,2,0,0,0.0,0,49806,45,15,0,0.0,2092,0.0,952,0,0,0,0,0,4,2009/10,45,0.0,31,0
1,10,0,4,0.0,0,49806,40,26,5,0.0,2762,0.0,1494,0,0,0,0,0,5,2010/11,45,0.0,71,2
6,14,0,3,0.0,325,49806,52,65,7,0.0,3862,0.0,2948,0,1,0,0,0,6,2011/12,60,0.0,119,5
3,5,0,0,0.0,110,49806,56,28,2,0.0,4504,0.0,1456,0,0,0,0,0,7,2012/13,65,0.0,62,1
1,0,59,2,0.0,50,49806,43,22,0,0.0,5824,0.0,886,0,0,0,0,0,9,2014/15,50,0.0,30,2
