assists,bonus,bps,clean_sheets,creativity,ea_index,element_code,end_cost,goals_conceded,goals_scored,ict_index,id,influence,minutes,own_goals,penalties_missed,penalties_saved,red_cards,saves,season,season_name,start_cost,threat,total_points,yellow_cards
0,0,0,0,0.0,0,157668,45,0,0,0.0,5243,0.0,0,0,0,0,0,0,8,2013/14,45,0.0,0,0
0,0,0,0,0.0,0,157668,44,0,0,0.0,5850,0.0,0,0,0,0,0,0,9,2014/15,45,0.0,0,0
0,0,0,0,0.0,0,157668,45,0,0,0.0,6645,0.0,0,0,0,0,0,0,10,2015/16,45,0.0,0,0
1,0,141,0,122.1,0,157668,45,6,1,32.8,7325,128.0,494,0,0,0,0,0,11,2016/17,45,77.0,30,1
