assists,bonus,bps,clean_sheets,creativity,element,fixture,goals_conceded,goals_scored,ict_index,influence,kickoff_time,minutes,opponent_team,own_goals,penalties_missed,penalties_saved,red_cards,round,saves,selected,team_a_score,team_h_score,threat,total_points,transfers_balance,transfers_in,transfers_out,value,was_home,yellow_cards
0,0,7,0,15.1,619,246,0,0,4.0,6.4,2020-02-01T17:30:00Z,14,12,0,0,0,0,25,0,547,0,0,18.0,1,514,571,57,55,False,0
0,0,0,0,0.3,619,260,0,0,0.0,0.0,2020-02-14T20:00:00Z,12,9,0,0,0,0,26,0,1845,0,0,0.0,1,1208,1416,208,55,True,0
0,0,0,0,0.0,619,270,0,0,0.0,0.0,2020-02-23T14:00:00Z,0,14,0,0,0,0,27,0,1800,0,3,0.0,0,-102,343,445,55,True,0
0,0,3,0,0.0,619,278,0,0,0.0,0.0,2020-03-01T14:00:00Z,1,17,0,0,0,0,28,0,1470,3,2,0.0,1,-318,147,465,53,False,0
0,0,4,0,12.1,619,290,0,0,3.7,2.6,2020-03-07T15:00:00Z,16,4,0,0,0,0,29,0,1292,0,0,22.0,1,-233,138,371,52,True,0
