assists,bonus,bps,clean_sheets,creativity,element_code,end_cost,goals_conceded,goals_scored,ict_index,influence,minutes,own_goals,penalties_missed,penalties_saved,red_cards,saves,season_name,start_cost,threat,total_points,yellow_cards
2,7,506,9,0.0,58822,47,19,0,0.0,0.0,1965,0,0,0,0,0,2015/16,50,0.0,86,3
3,11,584,11,648.9,58822,49,36,0,139.6,591.0,2515,0,0,0,0,0,2016/17,50,155.0,102,7
3,2,481,7,455.6,58822,47,44,0,112.3,507.0,2794,0,0,0,0,0,2017/18,50,159.0,85,3
2,7,273,4,226.5,58822,42,31,1,63.9,309.0,1493,0,0,0,0,0,2018/19,45,103.0,52,4
