assists,bonus,bps,clean_sheets,creativity,element_code,end_cost,goals_conceded,goals_scored,ict_index,influence,minutes,own_goals,penalties_missed,penalties_saved,red_cards,saves,season_name,start_cost,threat,total_points,yellow_cards
8,29,705,12,0.0,37265,116,31,16,0.0,0.0,2944,0,1,0,0,0,2014/15,105,0.0,207,4
5,17,560,14,0.0,37265,112,23,13,0.0,0.0,2436,0,0,0,0,0,2015/16,110,0.0,167,1
11,32,834,13,1278.3,37265,117,41,24,453.4,1357.8,3217,0,1,0,0,0,2016/17,110,1896.0,264,6
10,13,515,11,1155.2,37265,114,32,9,326.1,823.2,2546,0,1,0,0,0,2017/18,120,1281.0,152,5
5,1,168,2,297.2,37265,100,10,1,81.1,207.6,869,0,0,0,0,0,2018/19,105,307.0,47,3
