assists,bonus,bps,clean_sheets,creativity,ea_index,element_code,end_cost,goals_conceded,goals_scored,ict_index,id,influence,minutes,own_goals,penalties_missed,penalties_saved,red_cards,saves,season,season_name,start_cost,threat,total_points,yellow_cards
0,1,0,2,0.0,133,58376,40,23,0,0.0,4016,0.0,1170,0,0,0,0,74,7,2012/13,40,0.0,48,0
0,0,31,0,0.0,27,58376,40,8,0,0.0,5430,0.0,237,0,0,0,0,11,9,2014/15,40,0.0,4,0
0,0,121,0,0.0,82,58376,38,9,0,0.0,6142,0.0,630,0,0,0,0,32,10,2015/16,40,0.0,20,0
0,0,0,0,0.0,0,58376,43,0,0,0.0,6827,0.0,0,0,0,0,0,0,11,2016/17,45,0.0,0,0
0,3,278,4,0.0,0,58376,44,26,0,28.1,7532,280.8,1620,0,0,0,0,42,12,2017/18,45,0.0,52,2
