assists,bonus,bps,clean_sheets,creativity,ea_index,element_code,end_cost,goals_conceded,goals_scored,ict_index,id,influence,minutes,own_goals,penalties_missed,penalties_saved,red_cards,saves,season,season_name,start_cost,threat,total_points,yellow_cards
0,0,0,0,0.0,0,61603,50,0,0,0.0,1643,0.0,0,0,0,0,0,0,3,2008/09,50,0.0,0,0
0,0,221,2,0.0,149,61603,50,27,0,0.0,5758,0.0,1488,0,0,0,0,0,9,2014/15,55,0.0,39,1
8,11,669,16,0.0,592,61603,46,28,3,0.0,6469,0.0,3032,0,0,0,1,0,10,2015/16,45,0.0,129,3
1,3,384,8,307.1,0,61603,53,44,1,92.0,7183,401.8,2466,0,0,0,0,0,11,2016/17,55,213.0,69,6
0,1,117,1,88.1,0,61603,47,7,1,25.7,7866,116.4,520,0,0,0,0,0,12,2017/18,50,54.0,24,0
